ts,venue,symbol,module,side,entry,stop_x,tp,target_r_multiple_x,timeout_bars_x,rule_reasons,veto_reasons,candidate__atr15,candidate__signal_risk,candidate__signal_risk_pct,candidate_id,signal_entry,signal_tp,entry_ts,executed_entry,stop_y,executed_tp,exit_ts,executed_exit,target_r_multiple_y,timeout_bars_y,tp_before_sl_within_horizon,tp1_before_sl_within_12h,mfe_r_24h,mae_r_24h,net_r_24h_timeout,minutes_to_tp_or_sl,outcome,entry_source,path_source,y,realized_r,holding_minutes,trend_bybit__ret_15m_1,trend_bybit__ret_1h_4,trend_bybit__ret_4h_6,trend_bybit__ema50_4h_gap,trend_bybit__ema50_4h_slope,trend_bybit__ema200_4h_slope,trend_bybit__adx14_4h,trend_bybit__atr_pctile_90d,trend_bybit__breakout_age_1h,trend_bybit__impulse_atr_1h,trend_bybit__pullback_depth_frac,trend_bybit__pullback_bars,trend_bybit__dist_to_breakout_level,trend_bybit__dist_to_ema50_4h,ts_dt,p,selection_scope,split_kind,budget_per_week,threshold,model_key,portfolio_mode,selection_policy,cooldown_minutes,trade_index,cumulative_r,equity_peak_r,drawdown_r,signal_risk,risk_pct,notional_usd,risk_usd,pnl_usd,cumulative_pnl_usd,equity_peak_pnl_usd,drawdown_pnl_usd
1751482800000,bybit,BTCUSDT,continuation_v1,long,109493.0,108153.2439627224,111024.1497569461,1.1428571429,96,"['trend_gap_positive', 'ema50_slope_positive', 'ema200_slope_positive', 'breakout_recent', 'impulse_valid', 'pullback_depth_valid', 'above_breakout_level', 'above_ema50_4h', 'trigger_break']",[],326.6995137774081,1339.7560372775988,0.012235997162171088,continuation_v1:long:BTCUSDT:1751482800000,109493.0,111024.1497569461,1751483700000,109503.9493,108153.2439627224,111047.61254266085,1751569200000,109637.7,1.1428571429,96,False,False,0.7268429855905968,0.7765196975633376,0.09902285591732692,,timeout,bar_open,trade_bars,0,0.09902285591732692,1440.0,0.0016292381002041,0.01288621646623489,0.026464078799277813,0.01886307932128235,0.0008155260186413216,0.0007782079939364639,19.422576885986082,14.629629629629628,2.0,1.2637664817315353,0.24767709061843904,1.0,0.0068771519640524964,0.02585782309743071,2025-07-02 19:00:00+00:00,0.4375,event,final,3,0.4375,baseline,one_position_at_a_time,first_signal,0,1,0.09902285591732692,0.09902285591732692,0.0,1350.705337277599,0.012334763685802509,5000.0,61.67381842901254,6.10711763616749,6.10711763616749,6.10711763616749,0.0
1751493600000,bybit,BTCUSDT,continuation_v1,long,109395.0,108707.38517491032,110180.84551441767,1.1428571429,96,"['trend_gap_positive', 'ema50_slope_positive', 'ema200_slope_positive', 'breakout_recent', 'impulse_valid', 'pullback_depth_valid', 'above_breakout_level', 'above_ema50_4h', 'trigger_break']",[],269.6910287763832,687.6148250896767,0.006285614745552144,continuation_v1:long:BTCUSDT:1751493600000,109395.0,110180.84551441767,1751494500000,109405.9395,108707.38517491032,110204.28730013242,1751499900000,108707.38517491032,1.1428571429,96,False,False,0.08640773928679246,1.054949448499073,0.4790758398884042,105.0,sl,bar_open,trade_bars,0,-1.0,105.0,0.0019251763981800174,0.0026625849529580137,0.040714888511072855,0.026024480770947395,0.002254892087429239,0.0011479745848772538,20.3061779990948,16.48148148148148,5.0,1.2637664817315353,0.34558896992706184,4.0,0.00598747657571187,0.0239206331070338,2025-07-02 22:00:00+00:00,0.4375,event,final,3,0.4375,baseline,one_position_at_a_time,first_signal,0,2,-0.900977144082673,0.09902285591732692,1.0,698.5543250896735,0.006384976247927322,5000.0,31.92488123963661,-31.92488123963661,-25.817763603469118,6.10711763616749,31.92488123963661
1751810400000,bybit,BTCUSDT,continuation_v1,long,108731.5,107616.69935888692,110005.55787560558,1.1428571429,96,"['trend_gap_positive', 'ema50_slope_positive', 'ema200_slope_positive', 'breakout_recent', 'impulse_valid', 'pullback_depth_valid', 'above_breakout_level', 'above_ema50_4h', 'trigger_break']",[],118.11575111561811,1114.8006411130773,0.010252784529902349,continuation_v1:long:BTCUSDT:1751810400000,108731.5,110005.55787560558,1751811300000,108742.37315,107616.69935888692,110028.8574827489,1751897700000,108099.3,1.1428571429,96,False,False,0.8373889997633527,0.7511706825508355,-0.5712784245994746,,timeout,bar_open,trade_bars,0,-0.5712784245994746,1440.0,0.0008090674462186698,0.00854463812826789,-0.00025079611571410254,0.0029581230347343417,0.0006996402292569481,0.0009707305076422923,13.918200979441053,0.1851851851851852,0.0,2.13692484284639,0.40186810713482274,0.0,0.004888187875638614,0.00940171414626586,2025-07-06 14:00:00+00:00,0.46565253378207566,event,final,3,0.4375,baseline,one_position_at_a_time,first_signal,0,3,-1.4722555686821477,0.09902285591732692,1.5712784245994746,1125.6737911130767,0.010351749354966848,5000.0,51.758746774834236,-29.568655316770442,-55.386418920239564,6.10711763616749,61.49353655640705
1751823900000,bybit,BTCUSDT,continuation_v1,long,108914.1,108392.68541699648,109510.00238059781,1.1428571429,96,"['trend_gap_positive', 'ema50_slope_positive', 'ema200_slope_positive', 'breakout_recent', 'impulse_valid', 'pullback_depth_valid', 'above_breakout_level', 'above_ema50_4h', 'trigger_break']",[],155.00476115088753,521.4145830035231,0.004787392844484995,continuation_v1:long:BTCUSDT:1751823900000,108914.1,109510.00238059781,1751824800000,108924.99141,108392.68541699648,109533.34111631256,1751827500000,108392.68541699648,1.1428571429,96,False,False,0.0,1.111374693833463,-1.9405969941675352,60.0,sl,bar_open,trade_bars,0,-1.0,60.0,0.0008233440080129828,0.005664656756367181,0.007802461089530199,0.010156481179828059,0.0009502556736309398,0.001032580923376214,14.033280118288431,0.5555555555555556,3.0,2.13692484284639,0.3134143596668897,3.0,0.00655654318403224,0.010648157963349909,2025-07-06 17:45:00+00:00,0.999999,event,final,3,0.4375,baseline,one_position_at_a_time,first_signal,0,4,-2.4722555686821477,0.09902285591732692,2.5712784245994746,532.3059930035233,0.004886904154069589,5000.0,24.434520770347945,-24.434520770347945,-79.82093969058751,6.10711763616749,85.928057326755
1751836500000,bybit,BTCUSDT,continuation_v1,long,108880.1,108106.56456999606,109764.14049146624,1.1428571429,96,"['trend_gap_positive', 'ema50_slope_positive', 'ema200_slope_positive', 'breakout_recent', 'impulse_valid', 'pullback_depth_valid', 'above_breakout_level', 'above_ema50_4h', 'trigger_break']",[],186.4809828661203,773.5354300039508,0.007104470238399402,continuation_v1:long:BTCUSDT:1751836500000,108880.1,109764.14049146624,1751837400000,108890.98801,108106.56456999606,109787.47194146669,1751895000000,108106.56456999606,1.1428571429,96,False,True,1.0122236913216267,1.2674124194899143,-1.5000673743177337,960.0,sl,bar_open,trade_bars,0,-1.0,960.0,0.0024148896405562503,-0.0017672991753523437,0.0037161274566037683,0.006585999946500934,0.001041650390760207,0.001055303654061035,14.14013931864671,0.7407407407407408,7.0,2.13692484284639,0.5298221922124688,7.0,0.006246320493827667,0.010071339765443391,2025-07-06 21:15:00+00:00,0.5,event,final,3,0.4375,baseline,one_position_at_a_time,first_signal,0,5,-3.4722555686821477,0.09902285591732692,3.5712784245994746,784.4234400039422,0.007203749863412982,5000.0,36.01874931706491,-36.01874931706491,-115.83968900765242,6.10711763616749,121.94680664381991
1751837400000,bybit,BTCUSDT,continuation_v1,long,109257.6,108049.21397571065,110638.61259923964,1.1428571429,96,"['trend_gap_positive', 'ema50_slope_positive', 'ema200_slope_positive', 'breakout_recent', 'impulse_valid', 'pullback_depth_valid', 'above_breakout_level', 'above_ema50_4h', 'trigger_break']",[],202.42519837568295,1208.3860242893643,0.011059972251718547,continuation_v1:long:BTCUSDT:1751837400000,109257.6,110638.61259923964,1751838300000,109268.52576,108049.21397571065,110662.02494209724,1751895000000,108049.21397571065,1.1428571429,96,False,False,0.34156500852874744,1.1250000021934312,-1.0502037104040012,945.0,sl,bar_open,trade_bars,0,-1.0,945.0,0.0034671165805322257,-0.0017672991753523437,0.0037161274566037683,0.006585999946500934,0.001041650390760207,0.001055303654061035,14.14013931864671,0.7407407407407408,7.0,2.13692484284639,0.5298221922124688,7.0,0.00967987581641923,0.013491679121593858,2025-07-06 21:30:00+00:00,0.4375,event,final,3,0.4375,baseline,one_position_at_a_time,first_signal,0,6,-4.472255568682147,0.09902285591732692,4.571278424599474,1219.3117842893553,0.011158856366081856,5000.0,55.79428183040928,-55.79428183040928,-171.6339708380617,6.10711763616749,177.7410884742292
1751838300000,bybit,BTCUSDT,continuation_v1,long,109393.3,107937.02413815986,111057.61527073686,1.1428571429,96,"['trend_gap_positive', 'ema50_slope_positive', 'ema200_slope_positive', 'breakout_recent', 'impulse_valid', 'pullback_depth_valid', 'above_breakout_level', 'above_ema50_4h', 'trigger_break']",[],226.23054134884825,1456.2758618401385,0.013312294828295138,continuation_v1:long:BTCUSDT:1751838300000,109393.3,111057.61527073686,1751839200000,109404.23933,107937.02413815986,111081.05669216589,1751895000000,107937.02413815986,1.1428571429,96,False,False,0.18890253559356288,1.027415295577338,-0.8855819768131021,930.0,sl,bar_open,trade_bars,0,-1.0,930.0,0.0012420188618458283,-0.0017672991753523437,0.0037161274566037683,0.006585999946500934,0.001041650390760207,0.001055303654061035,14.14013931864671,0.7407407407407408,7.0,2.13692484284639,0.5298221922124688,7.0,0.010908346306400876,0.014715421152807806,2025-07-06 21:45:00+00:00,0.45340332767000513,event,final,3,0.4375,baseline,one_position_at_a_time,first_signal,0,7,-5.472255568682147,0.09902285591732692,5.571278424599474,1467.215191840136,0.013410953732921822,5000.0,67.05476866460911,-67.05476866460911,-238.68873950267084,6.10711763616749,244.79585713883833
1752099300000,bybit,BTCUSDT,continuation_v1,long,111252.8,109989.93169870027,112696.07805868238,1.1428571429,96,"['trend_gap_positive', 'ema50_slope_positive', 'ema200_slope_positive', 'breakout_recent', 'impulse_valid', 'pullback_depth_valid', 'above_breakout_level', 'above_ema50_4h', 'trigger_break']",[],395.3561172565342,1262.868301299728,0.011351339483588081,continuation_v1:long:BTCUSDT:1752099300000,111252.8,112696.07805868238,1752100200000,111263.92528,109989.93169870027,112719.91794439714,1752167700000,112719.91794439714,1.1428571429,96,True,False,1.715922868127617,0.6381706249811347,3.768758956463222,1140.0,tp,bar_open,trade_bars,1,1.1428571429,1140.0,0.004194493812963662,0.015416186629345185,0.02735250890749996,0.030196839109260108,0.0021944659862813687,0.001356842814688175,14.207920572444054,24.25925925925926,2.0,3.4730456603583915,0.5374611628939167,2.0,0.013543928782017198,0.0262758819579016,2025-07-09 22:15:00+00:00,0.999999,event,final,3,0.4375,baseline,one_position_at_a_time,first_signal,0,8,-4.329398425782147,0.09902285591732692,4.428421281699474,1273.9935812997282,0.011450194464141668,5000.0,57.25097232070834,65.42968265469172,-173.25905684797914,6.10711763616749,179.36617448414663
1752102000000,bybit,BTCUSDT,continuation_v1,long,111332.1,110217.58625803371,112605.82999086639,1.1428571429,96,"['trend_gap_positive', 'ema50_slope_positive', 'ema200_slope_positive', 'breakout_recent', 'impulse_valid', 'pullback_depth_valid', 'above_breakout_level', 'above_ema50_4h', 'trigger_break']",[],359.0599816372476,1114.513741966297,0.010010713369875327,continuation_v1:long:BTCUSDT:1752102000000,111332.1,112605.82999086639,1752102900000,111343.23321,110217.58625803371,112629.6868694383,1752165900000,112629.6868694383,1.1428571429,96,True,False,1.2021236211196245,0.79272920203024,4.129418004357714,1065.0,tp,bar_open,trade_bars,1,1.1428571429,1065.0,0.0006732148571060304,0.016816938044109664,0.02735250890749996,0.030196839109260108,0.0021944659862813687,0.001356842814688175,14.207920572444054,24.25925925925926,3.0,3.4730456603583915,0.2960053262316885,3.0,0.014246565006857913,0.02696944942461373,2025-07-09 23:00:00+00:00,0.999999,event,final,3,0.4375,baseline,one_position_at_a_time,first_signal,0,9,-3.1865412828821467,0.09902285591732692,3.2855641387994736,1125.6469519662933,0.01010970239963533,5000.0,50.54851199817665,57.76972800008254,-115.4893288478966,6.10711763616749,121.59644648406409
1752113700000,bybit,BTCUSDT,continuation_v1,long,111323.0,110356.9318736258,112427.07785875477,1.1428571429,96,"['trend_gap_positive', 'ema50_slope_positive', 'ema200_slope_positive', 'breakout_recent', 'impulse_valid', 'pullback_depth_valid', 'above_breakout_level', 'above_ema50_4h', 'trigger_break']",[],247.3557174267636,966.0681263741972,0.008678064069187834,continuation_v1:long:BTCUSDT:1752113700000,111323.0,112427.07785875477,1752114600000,111334.1323,110356.9318736258,112450.93278732667,1752165000000,112450.93278732667,1.1428571429,96,True,False,1.2339000960876305,0.9038394541815193,4.723562920583964,855.0,tp,bar_open,trade_bars,1,1.1428571429,855.0,0.0015041950127658854,0.0033189485152285148,0.021379127292965983,0.024882881402980842,0.003159218259053631,0.0016139886941912707,16.89966379756009,27.59259259259259,6.0,3.4730456603583915,0.3742565468264523,6.0,0.014165985465716877,0.025875315756502083,2025-07-10 02:15:00+00:00,0.999999,event,final,3,0.4375,baseline,one_position_at_a_time,first_signal,0,10,-2.0436841399821466,0.09902285591732692,2.1427069958994736,977.2004263741983,0.008777186350552788,5000.0,43.88593175276394,50.15535057646819,-65.3339782714284,6.10711763616749,71.4410959075959
1752122700000,bybit,BTCUSDT,continuation_v1,long,111110.9,110677.41060474576,111606.3164517377,1.1428571429,96,"['trend_gap_positive', 'ema50_slope_positive', 'ema200_slope_positive', 'breakout_recent', 'impulse_valid', 'pullback_depth_valid', 'above_breakout_level', 'above_ema50_4h', 'trigger_break']",[],186.43290343829054,433.4893952542334,0.0039014119699708437,continuation_v1:long:BTCUSDT:1752122700000,111110.9,111606.3164517377,1752123600000,111122.01109,110677.41060474576,111630.12593030962,1752155100000,110677.41060474576,1.1428571429,96,False,False,0.67293878419613,1.5094699899309363,12.38975010756014,540.0,sl,bar_open,trade_bars,0,-1.0,540.0,0.0008990091981790904,-0.0016536327316771793,0.025049717207416222,0.022355265141180004,0.003888516893535865,0.0018176610781468483,19.399139649453552,25.555555555555554,8.0,3.4730456603583915,0.43195739014647005,8.0,0.012284123339834294,0.023104044666289396,2025-07-10 04:45:00+00:00,0.999999,event,final,3,0.4375,baseline,one_position_at_a_time,first_signal,0,11,-3.0436841399821466,0.09902285591732692,3.1427069958994736,444.6004852542392,0.0040010118687840174,5000.0,20.005059343920088,-20.005059343920088,-85.3390376153485,6.10711763616749,91.44615525151599
1752129000000,bybit,BTCUSDT,continuation_v1,long,111229.6,110568.718618066,111984.8930079529,1.1428571429,96,"['trend_gap_positive', 'ema50_slope_positive', 'ema200_slope_positive', 'breakout_recent', 'impulse_valid', 'pullback_depth_valid', 'above_breakout_level', 'above_ema50_4h', 'trigger_break']",[],172.98601584913487,660.8813819339994,0.005941596319091315,continuation_v1:long:BTCUSDT:1752129000000,111229.6,111984.8930079529,1752129900000,111240.72296,110568.718618066,112008.72792223908,1752155100000,110568.718618066,1.1428571429,96,False,False,0.26856528855244394,1.1753241916963462,10.231149727713124,435.0,sl,bar_open,trade_bars,0,-1.0,435.0,0.0011674177924554385,-0.0010093940217243969,0.025049717207416222,0.022355265141180004,0.003888516893535865,0.0018176610781468483,19.399139649453552,25.555555555555554,10.0,3.4730456603583915,0.4240568131380356,10.0,0.013338176168933501,0.024146550886739015,2025-07-10 06:30:00+00:00,0.999999,event,final,3,0.4375,baseline,one_position_at_a_time,first_signal,0,12,-4.043684139982147,0.09902285591732692,4.1427069958994736,672.0043419339927,0.006040992219869268,5000.0,30.204961099346338,-30.204961099346338,-115.54399871469484,6.10711763616749,121.65111635086232
1752180300000,bybit,BTCUSDT,continuation_v1,long,113537.3,112556.59846470196,114658.10175466836,1.1428571429,96,"['trend_gap_positive', 'ema50_slope_positive', 'ema200_slope_positive', 'breakout_recent', 'impulse_valid', 'pullback_depth_valid', 'above_breakout_level', 'above_ema50_4h', 'trigger_break']",[],326.80350925268425,980.7015352980379,0.008637703515039005,continuation_v1:long:BTCUSDT:1752180300000,113537.3,114658.10175466836,1752181200000,113548.65373,112556.59846470196,114682.43117609742,1752183000000,114682.43117609742,1.1428571429,96,True,True,4.382866985433236,0.21032470397434982,4.2706756550776985,45.0,tp,bar_open,trade_bars,1,1.1428571429,45.0,0.001328198104363354,0.016955940775436495,0.013829579615872722,0.03737692175178641,0.0052754101145151555,0.0022794136063613024,27.336726298188623,35.0,2.0,1.7588020276620633,0.495836764571328,2.0,0.007406376582849942,0.03983483144652255,2025-07-10 20:45:00+00:00,0.4375,event,final,3,0.4375,baseline,one_position_at_a_time,first_signal,0,13,-2.9008269970821465,0.09902285591732692,2.9998498529994735,992.0552652980405,0.00873682983205582,5000.0,43.6841491602791,49.92474189933401,-65.61925681536083,6.10711763616749,71.72637445152832
1752182100000,bybit,BTCUSDT,continuation_v1,long,113614.3,112785.31809583995,114561.70789050416,1.1428571429,96,"['trend_gap_positive', 'ema50_slope_positive', 'ema200_slope_positive', 'breakout_recent', 'impulse_valid', 'pullback_depth_valid', 'above_breakout_level', 'above_ema50_4h', 'trigger_break']",[],317.61578093726365,828.9819041600531,0.0072964574367843935,continuation_v1:long:BTCUSDT:1752182100000,113614.3,114561.70789050416,1752183000000,113625.66143000001,112785.31809583995,114586.05381193323,1752183000000,114586.05381193323,1.1428571429,96,True,True,5.082492353281974,0.10241222426786019,4.750128200861858,15.0,tp,bar_open,trade_bars,1,1.1428571429,15.0,0.0015735773009930565,0.007378002752986168,0.013829579615872722,0.03737692175178641,0.0052754101145151555,0.0022794136063613024,27.336726298188623,35.0,3.0,1.7588020276620633,0.3234513679202097,3.0,0.008079088635849612,0.040485565711299236,2025-07-10 21:15:00+00:00,0.4375,event,final,3,0.4375,baseline,one_position_at_a_time,first_signal,0,14,-1.7579698541821465,0.09902285591732692,1.8569927100994734,840.3433341600612,0.007395717864997964,5000.0,36.97858932498982,42.26124494443031,-23.35801187093052,6.10711763616749,29.46512950709801
1752183000000,bybit,BTCUSDT,continuation_v1,long,115693.0,111273.65921399422,120743.675184196,1.1428571429,96,"['trend_gap_positive', 'ema50_slope_positive', 'ema200_slope_positive', 'breakout_recent', 'impulse_valid', 'pullback_depth_valid', 'above_breakout_level', 'above_ema50_4h', 'trigger_break']",[],606.1503680131727,4419.340786005774,0.038198860657133744,continuation_v1:long:BTCUSDT:1752183000000,115693.0,120743.675184196,1752183900000,115704.5693,111273.65921399422,120768.46654133937,1752269400000,117819.0,1.1428571429,96,False,False,0.7098610982727777,0.113874867737351,0.47720009184524864,,timeout,bar_open,trade_bars,0,0.47720009184524864,1440.0,0.018296112373178408,0.007378002752986168,0.013829579615872722,0.03737692175178641,0.0052754101145151555,0.0022794136063613024,27.336726298188623,35.0,3.0,1.7588020276620633,0.3234513679202097,3.0,0.02590130777142961,0.05772552538522868,2025-07-10 21:30:00+00:00,0.4375,event,final,3,0.4375,baseline,one_position_at_a_time,first_signal,0,15,-1.2807697623368979,0.09902285591732692,1.3797926182542248,4430.910086005781,0.038295031154018395,5000.0,191.475155770092,91.37196191957119,68.01395004864068,68.01395004864068,0.0
1752197400000,bybit,BTCUSDT,continuation_v1,long,115920.0,114468.51592012281,117578.83894849328,1.1428571429,96,"['trend_gap_positive', 'ema50_slope_positive', 'ema200_slope_positive', 'breakout_recent', 'impulse_valid', 'pullback_depth_valid', 'above_breakout_level', 'above_ema50_4h', 'trigger_break']",[],437.6778968621774,1451.484079877191,0.012521429260500268,continuation_v1:long:BTCUSDT:1752197400000,115920.0,117578.83894849328,1752198300000,115931.592,114468.51592012281,117603.67894849379,1752212700000,117603.67894849379,1.1428571429,96,True,True,1.4738180943953247,0.16833847766868967,1.181352100394582,255.0,tp,bar_open,trade_bars,1,1.1428571429,255.0,0.002573895715709096,0.01868545908787156,0.04298545900222739,0.057780695517991414,0.006857348112822903,0.0027190351593968654,30.8821233494265,75.55555555555556,3.0,3.1463568940782722,0.5700199639674749,3.0,0.018380779848171127,0.05721090968945282,2025-07-11 01:30:00+00:00,0.999999,event,final,3,0.4375,baseline,one_position_at_a_time,first_signal,0,16,-0.1379126194368978,0.09902285591732692,0.2369354753542247,1463.0760798771953,0.012620167243775926,5000.0,63.10083621887963,72.11524139570962,140.12919144435028,140.12919144435028,0.0
1752198300000,bybit,BTCUSDT,continuation_v1,long,115978.0,114561.95897939974,117596.3325950324,1.1428571429,96,"['trend_gap_positive', 'ema50_slope_positive', 'ema200_slope_positive', 'breakout_recent', 'impulse_valid', 'pullback_depth_valid', 'above_breakout_level', 'above_ema50_4h', 'trigger_break']",[],414.66518994345046,1416.0410206002598,0.012209565784892478,continuation_v1:long:BTCUSDT:1752198300000,115978.0,117596.3325950324,1752199200000,115989.5978,114561.95897939974,117621.18502360434,1752212700000,117621.18502360434,1.1428571429,96,True,True,1.469771044134081,0.2131476082109174,1.1088254095909356,240.0,tp,bar_open,trade_bars,1,1.1428571429,240.0,0.000500345065562513,0.01868545908787156,0.04298545900222739,0.057780695517991414,0.006857348112822903,0.0027190351593968654,30.8821233494265,75.55555555555556,3.0,3.1463568940782722,0.5700199639674749,3.0,0.018871682560485586,0.057682393653980674,2025-07-11 01:45:00+00:00,0.999999,event,final,3,0.4375,baseline,one_position_at_a_time,first_signal,0,17,1.0049445234631023,1.0049445234631023,0.0,1427.6388206002594,0.012308334951397333,5000.0,61.541674756986666,70.33334258205083,210.4625340264011,210.4625340264011,0.0
1752201000000,bybit,BTCUSDT,continuation_v1,long,116257.6,114975.62698942827,117722.71201213694,1.1428571429,96,"['trend_gap_positive', 'ema50_slope_positive', 'ema200_slope_positive', 'breakout_recent', 'impulse_valid', 'pullback_depth_valid', 'above_breakout_level', 'above_ema50_4h', 'trigger_break']",[],389.4240241639079,1281.9730105717354,0.011027003916920144,continuation_v1:long:BTCUSDT:1752201000000,116257.6,117722.71201213694,1752201900000,116269.22576,114975.62698942827,117747.62435499456,1752212700000,117747.62435499456,1.1428571429,96,True,True,1.4059028822331057,0.038053344761795845,1.1062736549815329,195.0,tp,bar_open,trade_bars,1,1.1428571429,195.0,0.0026528676153514397,-0.0043406131985553875,0.04298545900222739,0.057780695517991414,0.006857348112822903,0.0027190351593968654,30.8821233494265,75.55555555555556,4.0,3.1463568940782722,0.4732921069289582,4.0,0.021231300147259213,0.059948671323004916,2025-07-11 02:30:00+00:00,0.999999,event,final,3,0.4375,baseline,one_position_at_a_time,first_signal,0,18,2.1478016663631023,2.1478016663631023,0.0,1293.598770571727,0.011125891327787294,5000.0,55.629456638936475,63.57652187545438,274.0390559018555,274.0390559018555,0.0
1752201900000,bybit,BTCUSDT,continuation_v1,long,116465.7,114930.87149018342,118219.78972557043,1.1428571429,96,"['trend_gap_positive', 'ema50_slope_positive', 'ema200_slope_positive', 'breakout_recent', 'impulse_valid', 'pullback_depth_valid', 'above_breakout_level', 'above_ema50_4h', 'trigger_break']",[],386.5794510093435,1534.8285098165761,0.013178373631177043,continuation_v1:long:BTCUSDT:1752201900000,116465.7,118219.78972557043,1752202800000,116477.34657,114930.87149018342,118244.74666128521,1752213600000,118244.74666128521,1.1428571429,96,True,True,1.2348426786330786,0.0804064492359894,0.7578223828469391,195.0,tp,bar_open,trade_bars,1,1.1428571429,195.0,0.0017899905038465391,-0.0043406131985553875,0.04298545900222739,0.057780695517991414,0.006857348112822903,0.0027190351593968654,30.8821233494265,75.55555555555556,4.0,3.1463568940782722,0.4732921069289582,4.0,0.02298015638939185,0.061628347669754856,2025-07-11 02:45:00+00:00,0.999999,event,final,3,0.4375,baseline,one_position_at_a_time,first_signal,0,19,3.2906588092631024,3.2906588092631024,0.0,1546.475079816577,0.013277045926584392,5000.0,66.38522963292196,75.86883386904161,349.9078897708971,349.9078897708971,0.0
1752202800000,bybit,BTCUSDT,continuation_v1,long,116634.9,114804.46772302747,118726.82260233276,1.1428571429,96,"['trend_gap_positive', 'ema50_slope_positive', 'ema200_slope_positive', 'breakout_recent', 'impulse_valid', 'pullback_depth_valid', 'above_breakout_level', 'above_ema50_4h', 'trigger_break']",[],385.4452045086769,1830.4322769725259,0.015693692685229944,continuation_v1:long:BTCUSDT:1752202800000,116634.9,118726.82260233276,1752203700000,116646.56348999999,114804.46772302747,118751.81579519038,1752227100000,118751.81579519038,1.1428571429,96,True,True,1.1961031285692543,0.1593638589607408,0.5028709834790193,405.0,tp,bar_open,trade_bars,1,1.1428571429,405.0,0.001452788245809744,0.005546958182280459,0.04298545900222739,0.057780695517991414,0.006857348112822903,0.0027190351593968654,30.8821233494265,75.55555555555556,5.0,3.1463568940782722,0.3072016360714819,5.0,0.02439750023363497,0.06298962532827966,2025-07-11 03:00:00+00:00,0.999999,event,final,3,0.4375,baseline,one_position_at_a_time,first_signal,0,20,4.433515952163102,4.433515952163102,0.0,1842.0957669725176,0.015792113473882485,5000.0,78.96056736941243,90.24064842556966,440.14853819646675,440.14853819646675,0.0
1752206400000,bybit,BTCUSDT,continuation_v1,long,116853.2,115824.0324915045,118029.39143832467,1.1428571429,96,"['trend_gap_positive', 'ema50_slope_positive', 'ema200_slope_positive', 'breakout_recent', 'impulse_valid', 'pullback_depth_valid', 'above_breakout_level', 'above_ema50_4h', 'trigger_break']",[],351.582876561128,1029.1675084954986,0.008807354086114019,continuation_v1:long:BTCUSDT:1752206400000,116853.2,118029.39143832467,1752207300000,116864.88532,115824.0324915045,118054.43140975374,1752212700000,118054.43140975374,1.1428571429,96,True,True,1.175012111719775,0.38793699641826246,0.8527763538703206,105.0,tp,bar_open,trade_bars,1,1.1428571429,105.0,0.00253694528451609,0.007441152305239784,0.052486899441390955,0.06220127910931835,0.008625946517115013,0.0032189898429215713,34.17427775414738,79.44444444444444,6.0,3.1463568940782722,0.2540536592491604,6.0,0.026220077841257187,0.06220127910931835,2025-07-11 04:00:00+00:00,0.999999,event,final,3,0.4375,baseline,one_position_at_a_time,first_signal,0,21,5.5763730950631025,5.5763730950631025,0.0,1040.8528284954955,0.008906463439770014,5000.0,44.532317198850066,50.89407680059432,491.04261499706104,491.04261499706104,0.0
1752210900000,bybit,BTCUSDT,continuation_v1,long,117165.8,115787.3326067044,118741.19130668264,1.1428571429,96,"['trend_gap_positive', 'ema50_slope_positive', 'ema200_slope_positive', 'breakout_recent', 'impulse_valid', 'pullback_depth_valid', 'above_breakout_level', 'above_ema50_4h', 'trigger_break']",[],331.98261324710455,1378.4673932956102,0.011765100338969308,continuation_v1:long:BTCUSDT:1752210900000,117165.8,118741.19130668264,1752211800000,117177.51658,115787.3326067044,118766.29826382597,1752227100000,118766.29826382597,1.1428571429,96,True,True,1.202994317389094,0.07777141880272022,0.23707899553660694,270.0,tp,bar_open,trade_bars,1,1.1428571429,270.0,0.002417798280676786,0.011490592391182108,0.052486899441390955,0.06220127910931835,0.008625946517115013,0.0032189898429215713,34.17427775414738,79.44444444444444,7.0,3.1463568940782722,0.2467497687101333,7.0,0.02881813635036845,0.06470333926808851,2025-07-11 05:15:00+00:00,0.999999,event,final,3,0.4375,baseline,one_position_at_a_time,first_signal,0,22,6.719230237963103,6.719230237963103,0.0,1390.1839732955996,0.01186391394757446,5000.0,59.3195697378723,67.79379398868204,558.8364089857431,558.8364089857431,0.0
1752211800000,bybit,BTCUSDT,continuation_v1,long,117454.4,115568.55393836838,119609.65264194552,1.1428571429,96,"['trend_gap_positive', 'ema50_slope_positive', 'ema200_slope_positive', 'breakout_recent', 'impulse_valid', 'pullback_depth_valid', 'above_breakout_level', 'above_ema50_4h', 'trigger_break']",[],337.30528372945423,1885.8460616316152,0.016055984804584717,continuation_v1:long:BTCUSDT:1752211800000,117454.4,119609.65264194552,1752212700000,117466.14544,115568.55393836838,119634.82144194603,1752298200000,117580.0,1.1428571429,96,False,False,0.7292162506051496,0.45602303723216325,0.059999509853470044,,timeout,bar_open,trade_bars,0,0.059999509853470044,1440.0,0.002463176114531729,0.011490592391182108,0.052486899441390955,0.06220127910931835,0.008625946517115013,0.0032189898429215713,34.17427775414738,79.44444444444444,7.0,3.1463568940782722,0.2467497687101333,7.0,0.031204450407988048,0.0670014789400567,2025-07-11 05:30:00+00:00,0.999999,event,final,3,0.4375,baseline,one_position_at_a_time,first_signal,0,23,6.779229747816573,6.779229747816573,0.0,1897.591501631614,0.01615436936764794,5000.0,80.77184683823971,4.846271220253937,563.682680205997,563.682680205997,0.0
1752212700000,bybit,BTCUSDT,continuation_v1,long,117930.0,115200.52285348493,121049.40245327707,1.1428571429,96,"['trend_gap_positive', 'ema50_slope_positive', 'ema200_slope_positive', 'breakout_recent', 'impulse_valid', 'pullback_depth_valid', 'above_breakout_level', 'above_ema50_4h', 'trigger_break']",[],363.2049063202071,2729.477146515077,0.023144892279446088,continuation_v1:long:BTCUSDT:1752212700000,117930.0,121049.40245327707,1752213600000,117941.793,115200.52285348493,121074.67316756329,1752299100000,117584.8,1.1428571429,96,False,False,0.33127234875207334,0.4891867376532668,-0.13022904745591773,,timeout,bar_open,trade_bars,0,-0.13022904745591773,1440.0,0.004049231020719635,0.011490592391182108,0.052486899441390955,0.06220127910931835,0.008625946517115013,0.0032189898429215713,34.17427775414738,79.44444444444444,7.0,3.1463568940782722,0.2467497687101333,7.0,0.035111506826083244,0.07076416949051982,2025-07-11 05:45:00+00:00,0.5,event,final,3,0.4375,baseline,one_position_at_a_time,first_signal,0,24,6.649000700360656,6.779229747816573,0.13022904745591735,2741.270146515075,0.0232425680226438,5000.0,116.212840113219,-15.134287470091378,548.5483927359056,563.682680205997,15.134287470091408
1753653600000,bybit,BTCUSDT,continuation_v1,long,119287.8,118220.72797122048,120507.31089007948,1.1428571429,96,"['trend_gap_positive', 'ema50_slope_positive', 'ema200_slope_positive', 'breakout_recent', 'impulse_valid', 'pullback_depth_valid', 'above_breakout_level', 'above_ema50_4h', 'trigger_break']",[],211.0217800674975,1067.0720287795193,0.008945357603874993,continuation_v1:long:BTCUSDT:1753653600000,119287.8,120507.31089007948,1753654500000,119299.72878,118220.72797122048,120532.87256150857,1753713000000,118220.72797122048,1.1428571429,96,False,False,0.5052556175714449,1.204567011835834,-1.0989137082679277,975.0,sl,bar_open,trade_bars,0,-1.0,975.0,0.0014977827106845698,0.000661863334029622,0.00628915923515172,0.009218134448764757,0.0009783708111197331,0.0019442862054452892,12.397542653255817,21.85185185185185,5.0,1.3745156701620238,0.32530999270605193,5.0,0.0054280488029790136,0.011784629903080553,2025-07-27 22:00:00+00:00,0.4375,event,final,3,0.4375,baseline,one_position_at_a_time,first_signal,0,25,5.649000700360656,6.779229747816573,1.1302290474559173,1079.0008087795286,0.009044453158559214,5000.0,45.222265792796065,-45.222265792796065,503.32612694310956,563.682680205997,60.35655326288747
1753654500000,bybit,BTCUSDT,continuation_v1,long,119730.0,117883.8130268476,121839.92796939616,1.1428571429,96,"['trend_gap_positive', 'ema50_slope_positive', 'ema200_slope_positive', 'breakout_recent', 'impulse_valid', 'pullback_depth_valid', 'above_breakout_level', 'above_ema50_4h', 'trigger_break']",[],235.05593863410482,1846.1869731524093,0.015419585510334998,continuation_v1:long:BTCUSDT:1753654500000,119730.0,121839.92796939616,1753655400000,119741.973,117883.8130268476,121865.5843979681,1753713900000,117883.8130268476,1.1428571429,96,False,False,0.055391893855822556,1.0052810452218204,-0.8626668441687094,975.0,sl,bar_open,trade_bars,0,-1.0,975.0,0.0037070010512390006,0.000661863334029622,0.00628915923515172,0.009218134448764757,0.0009783708111197331,0.0019442862054452892,12.397542653255817,21.85185185185185,5.0,1.3745156701620238,0.32530999270605193,5.0,0.009101311283721682,0.015434415559614879,2025-07-27 22:15:00+00:00,0.4375,event,final,3,0.4375,baseline,one_position_at_a_time,first_signal,0,26,4.649000700360656,6.779229747816573,2.1302290474559173,1858.1599731524038,0.015518033706964257,5000.0,77.59016853482129,-77.59016853482129,425.7359584082883,563.682680205997,137.94672179770873
1753662600000,bybit,BTCUSDT,continuation_v1,long,119649.3,118664.22532732053,120775.09962596162,1.1428571429,96,"['trend_gap_positive', 'ema50_slope_positive', 'ema200_slope_positive', 'breakout_recent', 'impulse_valid', 'pullback_depth_valid', 'above_breakout_level', 'above_ema50_4h', 'trigger_break']",[],232.79925183882662,985.0746726794787,0.008233016596666079,continuation_v1:long:BTCUSDT:1753662600000,119649.3,120775.09962596162,1753663500000,119661.26493,118664.22532732053,120800.73876167642,1753699500000,118664.22532732053,1.1428571429,96,False,False,0.18418031691668257,1.0879858002478255,-1.4308006684651344,615.0,sl,bar_open,trade_bars,0,-1.0,615.0,0.0014010490291835875,0.0034275013699920365,0.012619297227792092,0.012108227565178813,0.0013433767340051972,0.002030089545767,13.019685458388619,22.407407407407405,7.0,1.3745156701620238,0.34746874180291615,1.0,0.008432978713623899,0.014277226202184,2025-07-28 00:30:00+00:00,0.4375,event,final,3,0.4375,baseline,one_position_at_a_time,first_signal,0,27,3.6490007003606557,6.779229747816573,3.1302290474559173,997.039602679477,0.008332183378328232,5000.0,41.66091689164116,-41.66091689164116,384.07504151664716,563.682680205997,179.60763868934987
1755106200000,bybit,BTCUSDT,continuation_v1,long,121773.3,120543.82946156977,123178.4091868301,1.1428571429,96,"['trend_gap_positive', 'ema50_slope_positive', 'ema200_slope_positive', 'breakout_recent', 'impulse_valid', 'pullback_depth_valid', 'above_breakout_level', 'above_ema50_4h', 'trigger_break']",[],443.0183735547846,1229.4705384302324,0.010096388440078674,continuation_v1:long:BTCUSDT:1755106200000,121773.3,123178.4091868301,1755107100000,121785.47733000001,120543.82946156977,123204.50346540207,1755125100000,123204.50346540207,1.1428571429,96,True,True,1.475879527999162,0.30940924538106246,-2.986657831328888,315.0,tp,bar_open,trade_bars,1,1.1428571429,315.0,0.0015742474825612973,0.009469300214474563,0.008612190357349503,0.023831927663276877,0.003962062061564797,0.0018735336069826136,28.441697014051577,65.0,3.0,1.6131005359486852,0.5402398981438019,2.0,0.008427955881954443,0.030666602411142753,2025-08-13 17:30:00+00:00,0.4375,event,final,3,0.4375,baseline,one_position_at_a_time,first_signal,0,28,4.791857843260656,6.779229747816573,1.9873719045559168,1241.647868430242,0.010195368903188434,5000.0,50.97684451594217,58.2592508775472,442.33429239419434,563.682680205997,121.3483878118027
1755108900000,bybit,BTCUSDT,continuation_v1,long,121890.0,120859.10411882974,123068.16672138163,1.1428571429,96,"['trend_gap_positive', 'ema50_slope_positive', 'ema200_slope_positive', 'breakout_recent', 'impulse_valid', 'pullback_depth_valid', 'above_breakout_level', 'above_ema50_4h', 'trigger_break']",[],421.53344267487637,1030.895881170265,0.00845759193674842,continuation_v1:long:BTCUSDT:1755108900000,121890.0,123068.16672138163,1755109800000,121902.189,120859.10411882974,123094.28600709642,1755119700000,123094.28600709642,1.1428571429,96,True,True,1.1758496572435686,0.4801996549293641,-4.105887332193952,180.0,tp,bar_open,trade_bars,1,1.1428571429,180.0,0.0008071157558355857,4.6803409258888706e-05,0.008612190357349503,0.023831927663276877,0.003962062061564797,0.0018735336069826136,28.441697014051577,65.0,4.0,1.6131005359486852,0.2999396904107786,3.0,0.009377307408318976,0.031594662198644735,2025-08-13 18:15:00+00:00,0.4375,event,final,3,0.4375,baseline,one_position_at_a_time,first_signal,0,29,5.934714986160657,6.779229747816573,0.8445147616559163,1043.08488117026,0.008556736263122066,5000.0,42.78368131561033,48.895635791102535,491.2299281852969,563.682680205997,72.45275202070013
1755113400000,bybit,BTCUSDT,continuation_v1,long,122376.1,120480.0448912635,124543.02012435155,1.1428571429,96,"['trend_gap_positive', 'ema50_slope_positive', 'ema200_slope_positive', 'breakout_recent', 'impulse_valid', 'pullback_depth_valid', 'above_breakout_level', 'above_ema50_4h', 'trigger_break']",[],434.64024854056794,1896.0551087364984,0.015493671629807604,continuation_v1:long:BTCUSDT:1755113400000,122376.1,124543.02012435155,1755114300000,122388.33761,120480.0448912635,124569.24357435208,1755132300000,124569.24357435208,1.1428571429,96,True,True,1.1438823659324613,0.09869429786678781,-2.167087663960761,315.0,tp,bar_open,trade_bars,1,1.1428571429,315.0,0.0038233122795505725,0.0059778243068957515,0.008612190357349503,0.023831927663276877,0.003962062061564797,0.0018735336069826136,28.441697014051577,65.0,5.0,1.6131005359486852,0.4265898277826205,4.0,0.013312239889978565,0.03544134332923514,2025-08-13 19:30:00+00:00,0.4375,event,final,3,0.4375,baseline,one_position_at_a_time,first_signal,0,30,7.077572129060657,7.077572129060657,0.0,1908.2927187364985,0.015592112418565748,5000.0,77.96056209282874,89.0977852522883,580.3277134375852,580.3277134375852,0.0
1759639500000,bybit,BTCUSDT,continuation_v1,long,124264.4,123100.78669295882,125594.2437795255,1.1428571429,96,"['trend_gap_positive', 'ema50_slope_positive', 'ema200_slope_positive', 'breakout_recent', 'impulse_valid', 'pullback_depth_valid', 'above_breakout_level', 'above_ema50_4h', 'trigger_break']",[],334.0875589512861,1163.613307041178,0.009364011792928449,continuation_v1:long:BTCUSDT:1759639500000,124264.4,125594.2437795255,1759640400000,124276.82643999999,123100.78669295882,125620.8718652403,1759640400000,125620.8718652403,1.1428571429,96,True,True,1.3374323137948716,0.010566343553659348,-0.6180288054282451,15.0,tp,bar_open,trade_bars,1,1.1428571429,15.0,0.002398216946270404,0.011203888874813828,0.012664630373505847,0.05025635046317187,0.009239873593511527,0.0034453317040616938,59.80803648288453,54.44444444444444,1.0,2.879389229148523,0.3588196577446238,1.0,0.013706258590553667,0.05433920168671273,2025-10-05 04:45:00+00:00,0.4375,event,final,3,0.4375,baseline,one_position_at_a_time,first_signal,0,31,8.220429271960658,8.220429271960658,0.0,1176.03974704117,0.009463065486379747,5000.0,47.31532743189874,54.07465992419779,634.402373361783,634.402373361783,0.0
1761540300000,bybit,BTCUSDT,continuation_v1,long,115228.4,114429.7864131601,116141.10124213697,1.1428571429,96,"['trend_gap_positive', 'ema50_slope_positive', 'ema200_slope_positive', 'breakout_recent', 'impulse_valid', 'pullback_depth_valid', 'above_breakout_level', 'above_ema50_4h', 'trigger_break']",[],280.2024842055622,798.6135868399033,0.006930700997669874,continuation_v1:long:BTCUSDT:1761540300000,115228.4,116141.10124213697,1761541200000,115239.92284,114429.7864131601,116165.79304213746,1761549300000,116165.79304213746,1.1428571429,96,True,True,1.398995431449691,0.09766606879859784,-1.7581271410740567,150.0,tp,bar_open,trade_bars,1,1.1428571429,150.0,0.0005505144792254946,0.0030823122228689215,0.033520808887330444,0.033984999404510045,0.0060162495063549315,0.0005213509226142943,26.269178521151456,58.7037037037037,5.0,1.065744225016986,0.4178082191780822,5.0,0.010226645514473812,0.0363818363706594,2025-10-27 04:45:00+00:00,0.4375,event,final,3,0.4375,baseline,one_position_at_a_time,first_signal,0,32,9.363286414860658,9.363286414860658,0.0,810.1364268399047,0.0070299979978700996,5000.0,35.149989989350495,40.17141713219271,674.5737904939757,674.5737904939757,0.0
1761542100000,bybit,BTCUSDT,continuation_v1,long,115441.7,114375.96959859211,116659.6776016547,1.1428571429,96,"['trend_gap_positive', 'ema50_slope_positive', 'ema200_slope_positive', 'breakout_recent', 'impulse_valid', 'pullback_depth_valid', 'above_breakout_level', 'above_ema50_4h', 'trigger_break']",[],269.15520321806065,1065.730401407891,0.00923176288471056,continuation_v1:long:BTCUSDT:1761542100000,115441.7,116659.6776016547,1761543000000,115453.24416999999,114375.96959859211,116684.41510879801,1761598800000,114375.96959859211,1.1428571429,96,False,False,0.8540588021098484,1.1422753331973763,-1.5620383277039878,945.0,sl,bar_open,trade_bars,0,-1.0,945.0,0.0018441506146011921,0.004443010996386887,0.033520808887330444,0.033984999404510045,0.0060162495063549315,0.0005213509226142943,26.269178521151456,58.7037037037037,6.0,1.065744225016986,0.23078930202218062,6.0,0.01205543577407468,0.03816230005321208,2025-10-27 05:15:00+00:00,0.4375,event,final,3,0.4375,baseline,one_position_at_a_time,first_signal,0,33,8.363286414860658,9.363286414860658,1.0,1077.2745714078774,0.00933082980173027,5000.0,46.654149008651345,-46.654149008651345,627.9196414853244,674.5737904939757,46.6541490086513
1761543000000,bybit,BTCUSDT,continuation_v1,long,115525.0,114712.03382369266,116454.10420152894,1.1428571429,96,"['trend_gap_positive', 'ema50_slope_positive', 'ema200_slope_positive', 'breakout_recent', 'impulse_valid', 'pullback_depth_valid', 'above_breakout_level', 'above_ema50_4h', 'trigger_break']",[],269.80840298819936,812.9661763073418,0.007037145001578375,continuation_v1:long:BTCUSDT:1761543000000,115525.0,116454.10420152894,1761543900000,115536.5525,114712.03382369266,116478.85955867231,1761572700000,114712.03382369266,1.1428571429,96,False,True,1.0148314696125766,1.2447898749808672,-1.9741851176616034,495.0,sl,bar_open,trade_bars,0,-1.0,495.0,0.00072157634546266,0.004443010996386887,0.033520808887330444,0.033984999404510045,0.0060162495063549315,0.0005213509226142943,26.269178521151456,58.7037037037037,6.0,1.065744225016986,0.23078930202218062,6.0,0.012767799177667172,0.038855838944409395,2025-10-27 05:30:00+00:00,0.4375,event,final,3,0.4375,baseline,one_position_at_a_time,first_signal,0,34,7.363286414860658,9.363286414860658,2.0,824.5186763073434,0.007136431358442544,5000.0,35.68215679221272,-35.68215679221272,592.2374846931117,674.5737904939757,82.33630580086401
1767496500000,bybit,BTCUSDT,continuation_v1,long,91298.2,90761.00610577405,91912.13587913838,1.1428571429,96,"['trend_gap_positive', 'ema50_slope_positive', 'ema200_slope_positive', 'breakout_recent', 'impulse_valid', 'pullback_depth_valid', 'above_breakout_level', 'above_ema50_4h', 'trigger_break']",[],193.4717582307455,537.193894225944,0.005883948360711865,continuation_v1:long:BTCUSDT:1767496500000,91298.2,91912.13587913838,1767497400000,91307.32982,90761.00610577405,91931.69977913878,1767572100000,91931.69977913878,1.1428571429,96,True,False,1.4554927038571466,0.9121511789142329,3.0269053620397743,1245.0,tp,bar_open,trade_bars,1,1.1428571429,1245.0,0.0021778313454035025,0.0060162332284248166,0.007182575944540304,0.021188606529038555,0.003286637407455606,0.00019274360517673728,23.640697574717016,3.3333333333333335,2.0,1.6287462437757436,0.5529545454545355,2.0,0.006482055506023152,0.028675106767386903,2026-01-04 03:15:00+00:00,0.4375,event,final,3,0.4375,baseline,one_position_at_a_time,first_signal,0,35,8.506143557760659,9.363286414860658,0.8571428570999995,546.3237142259459,0.005983350025709315,5000.0,29.916750128546575,34.19057157676395,626.4280562698757,674.5737904939757,48.14573422410001
1767501000000,bybit,BTCUSDT,continuation_v1,long,91333.4,90755.35473335593,91994.0231619037,1.1428571429,96,"['trend_gap_positive', 'ema50_slope_positive', 'ema200_slope_positive', 'breakout_recent', 'impulse_valid', 'pullback_depth_valid', 'above_breakout_level', 'above_ema50_4h', 'trigger_break']",[],185.64632375789847,578.0452666440651,0.006328958153797681,continuation_v1:long:BTCUSDT:1767501000000,91333.4,91994.0231619037,1767501900000,91342.53334,90755.35473335593,92013.59460476124,1767572100000,92013.59460476124,1.1428571429,96,True,False,1.2942683050792338,0.9086389285354315,1.7457493314659835,1170.0,tp,bar_open,trade_bars,1,1.1428571429,1170.0,0.0005707631245390754,0.006449234491428868,0.009968521623938686,0.02638384849199274,0.0038919232930698655,0.0003750405466942386,25.312212716854344,3.7037037037037033,3.0,1.6287462437757436,0.45704545454545126,3.0,0.006864958492731028,0.027974323934766048,2026-01-04 04:30:00+00:00,0.4375,event,final,3,0.4375,baseline,one_position_at_a_time,first_signal,0,36,9.64900070066066,9.64900070066066,0.0,587.1786066440691,0.0064283153222654986,5000.0,32.141576611327494,36.73323041432321,663.1612866841989,674.5737904939757,11.412503809776808
1767513600000,bybit,BTCUSDT,continuation_v1,long,91493.7,90827.88188195745,92254.63499207716,1.1428571429,96,"['trend_gap_positive', 'ema50_slope_positive', 'ema200_slope_positive', 'breakout_recent', 'impulse_valid', 'pullback_depth_valid', 'above_breakout_level', 'above_ema50_4h', 'trigger_break']",[],184.66998409725227,665.818118042549,0.007277201796872889,continuation_v1:long:BTCUSDT:1767513600000,91493.7,92254.63499207716,1767514500000,91502.84937,90827.88188195745,92274.2407849347,1767554100000,90827.88188195745,1.1428571429,96,False,False,0.11963632534982141,1.0279745058716985,1.635857503599354,675.0,sl,bar_open,trade_bars,0,-1.0,675.0,0.00041222008397467924,0.0033942283860581846,0.021990505445406372,0.028513527732127876,0.004529223277848882,0.0005697162483770946,27.01309563846494,3.5185185185185186,7.0,1.6287462437757436,0.2636550692106301,1.0,0.008604964057634602,0.028513527732127876,2026-01-04 08:00:00+00:00,0.4375,event,final,3,0.4375,baseline,one_position_at_a_time,first_signal,0,37,8.64900070066066,9.64900070066066,1.0,674.9674880425446,0.007376464150457795,5000.0,36.882320752288976,-36.882320752288976,626.27896593191,674.5737904939757,48.29482456206574
1767520800000,bybit,BTCUSDT,continuation_v1,long,91407.7,90976.05207455202,91901.01191481619,1.1428571429,96,"['trend_gap_positive', 'ema50_slope_positive', 'ema200_slope_positive', 'breakout_recent', 'impulse_valid', 'pullback_depth_valid', 'above_breakout_level', 'above_ema50_4h', 'trigger_break']",[],175.8238295954072,431.6479254479855,0.0047222271805108925,continuation_v1:long:BTCUSDT:1767520800000,91407.7,91901.01191481619,1767521700000,91416.84077,90976.05207455202,91920.59927910229,1767533400000,90976.05207455202,1.1428571429,96,False,False,0.37832011510760755,1.0189480234821666,3.3010357230718292,210.0,sl,bar_open,trade_bars,0,-1.0,210.0,0.00021556440670544852,-0.000376194334994584,0.021990505445406372,0.028513527732127876,0.004529223277848882,0.0005697162483770946,27.01309563846494,3.5185185185185186,9.0,1.6287462437757436,0.3440890385334874,3.0,0.007672220174011631,0.027599514617094492,2026-01-04 10:00:00+00:00,0.4375,event,final,3,0.4375,baseline,one_position_at_a_time,first_signal,0,38,7.649000700660659,9.64900070066066,2.0,440.78869544797635,0.004821745006010191,5000.0,24.108725030050955,-24.108725030050955,602.170240901859,674.5737904939757,72.40354959211675
1767521700000,bybit,BTCUSDT,continuation_v1,long,91491.5,90913.55594422687,92152.00749233691,1.1428571429,96,"['trend_gap_positive', 'ema50_slope_positive', 'ema200_slope_positive', 'breakout_recent', 'impulse_valid', 'pullback_depth_valid', 'above_breakout_level', 'above_ema50_4h', 'trigger_break']",[],175.0149846243067,577.944055773125,0.0063169152956627115,continuation_v1:long:BTCUSDT:1767521700000,91491.5,92152.00749233691,1767522600000,91500.64915,90913.55594422687,92171.61281376587,1767554100000,90913.55594422687,1.1428571429,96,False,False,0.1412907681170876,1.1780908775620809,2.3102819733944346,540.0,sl,bar_open,trade_bars,0,-1.0,540.0,0.0009167717818083787,-0.000376194334994584,0.021990505445406372,0.028513527732127876,0.004529223277848882,0.0005697162483770946,27.01309563846494,3.5185185185185186,9.0,1.6287462437757436,0.3440890385334874,3.0,0.008581125022543141,0.028490167417355612,2026-01-04 10:15:00+00:00,0.4375,event,final,3,0.4375,baseline,one_position_at_a_time,first_signal,0,39,6.649000700660659,9.64900070066066,3.0,587.0932057731261,0.006416273668295894,5000.0,32.081368341479475,-32.081368341479475,570.0888725603795,674.5737904939757,104.4849179335962
1767524400000,bybit,BTCUSDT,continuation_v1,long,91552.0,91084.88845324943,92085.84176773496,1.1428571429,96,"['trend_gap_positive', 'ema50_slope_positive', 'ema200_slope_positive', 'breakout_recent', 'impulse_valid', 'pullback_depth_valid', 'above_breakout_level', 'above_ema50_4h', 'trigger_break']",[],164.0835354298845,467.1115467505733,0.005102144647310527,continuation_v1:long:BTCUSDT:1767524400000,91552.0,92085.84176773496,1767525300000,91561.1552,91084.88845324943,92105.46005344963,1767530700000,91084.88845324943,1.1428571429,96,False,False,0.0,1.1015994788205714,2.718738624592972,105.0,sl,bar_open,trade_bars,0,-1.0,105.0,2.4030636877281353e-05,0.003980743291405853,0.021990505445406372,0.028513527732127876,0.004529223277848882,0.0005697162483770946,27.01309563846494,3.5185185185185186,10.0,1.6287462437757436,0.2091283202394345,4.0,0.009236281020622223,0.02913216698996189,2026-01-04 11:00:00+00:00,0.4375,event,final,3,0.4375,baseline,one_position_at_a_time,first_signal,0,40,5.649000700660659,9.64900070066066,4.0,476.2667467505671,0.005201624484861973,5000.0,26.008122424309864,-26.008122424309864,544.0807501360697,674.5737904939757,130.493040357906
1767610800000,bybit,BTCUSDT,continuation_v1,long,93053.6,92186.48841711937,94044.58466618648,1.1428571429,96,"['trend_gap_positive', 'ema50_slope_positive', 'ema200_slope_positive', 'breakout_recent', 'impulse_valid', 'pullback_depth_valid', 'above_breakout_level', 'above_ema50_4h', 'trigger_break']",[],207.5693322985984,867.1115828806433,0.009318409850673625,continuation_v1:long:BTCUSDT:1767610800000,93053.6,94044.58466618648,1767611700000,93062.90536,92186.48841711937,94064.52472332971,1767636000000,94064.52472332971,1.1428571429,96,True,True,1.5826880701790746,0.8134317413545256,0.5366106210295453,420.0,tp,bar_open,trade_bars,1,1.1428571429,420.0,0.002591229039866194,0.006553975923684563,0.010856485200620325,0.032352005241868945,0.0058090520143905255,0.001149880786186941,34.786506664481784,5.185185185185185,9.0,1.2717588511128641,0.34147800937468353,9.0,0.007095910314055586,0.03824397883375537,2026-01-05 11:00:00+00:00,0.4375,event,final,3,0.4375,baseline,one_position_at_a_time,first_signal,0,41,6.79185784356066,9.64900070066066,2.8571428570999995,876.4169428806345,0.009417468103863144,5000.0,47.08734051931572,53.81410345266457,597.8948535887342,674.5737904939757,76.67893690524147
1768363200000,bybit,BTCUSDT,continuation_v1,long,95675.6,94781.25099792166,96697.71314527074,1.1428571429,96,"['trend_gap_positive', 'ema50_slope_positive', 'ema200_slope_positive', 'breakout_recent', 'impulse_valid', 'pullback_depth_valid', 'above_breakout_level', 'above_ema50_4h', 'trigger_break']",[],299.8262904648036,894.3490020783538,0.00934772295212524,continuation_v1:long:BTCUSDT:1768363200000,95675.6,96697.71314527074,1768364100000,95685.16756,94781.25099792166,96718.21505955685,1768371300000,94781.25099792166,1.1428571429,96,False,False,0.09893882217886907,1.1375691110645714,0.27417623528234203,135.0,sl,bar_open,trade_bars,0,-1.0,135.0,0.0017411916954683804,0.002999281891612915,0.046998931941939714,0.042785383433396426,0.006369496016503717,0.0020031619419913493,24.462935302073898,22.77777777777778,5.0,1.7096073909244969,0.4514789349822304,5.0,0.012424275363833743,0.042785383433396426,2026-01-14 04:00:00+00:00,0.999999,event,final,3,0.4375,baseline,one_position_at_a_time,first_signal,0,42,5.79185784356066,9.64900070066066,3.8571428570999995,903.916562078346,0.009446778274297732,5000.0,47.23389137148866,-47.23389137148866,550.6609622172456,674.5737904939757,123.91282827673012
1773374400000,bybit,BTCUSDT,continuation_v1,long,71370.5,70456.05409852516,72415.58103029615,1.1428571429,96,"['trend_gap_positive', 'ema50_slope_positive', 'ema200_slope_positive', 'breakout_recent', 'impulse_valid', 'pullback_depth_valid', 'above_breakout_level', 'above_ema50_4h', 'trigger_break']",[],289.76206051390744,914.445901474839,0.012812659312668947,continuation_v1:long:BTCUSDT:1773374400000,71370.5,72415.58103029615,1773375300000,71377.63705,70456.05409852516,72430.8747088679,1773397800000,72430.8747088679,1.1428571429,96,True,True,1.1922561590810608,0.25243202429874173,-0.36875362055704974,390.0,tp,bar_open,trade_bars,1,1.1428571429,390.0,0.003558904009426822,0.01260605544678084,0.02845709460384427,0.029230597390594713,0.004230267941225607,9.056230707216173e-05,16.80169177286044,60.370370370370374,3.0,1.0159934535644384,0.5115557370355199,3.0,0.008380213113261164,0.029230597390594713,2026-03-13 04:00:00+00:00,0.4375,event,final,3,0.4375,baseline,one_position_at_a_time,first_signal,0,43,6.93471498646066,9.64900070066066,2.714285714199999,921.5829514748475,0.012911368175851479,5000.0,64.5568408792574,73.77924672191803,624.4402089391637,674.5737904939757,50.133581554812054
1773380700000,bybit,BTCUSDT,continuation_v1,long,71562.5,70832.64750200075,72396.61714060185,1.1428571429,96,"['trend_gap_positive', 'ema50_slope_positive', 'ema200_slope_positive', 'breakout_recent', 'impulse_valid', 'pullback_depth_valid', 'above_breakout_level', 'above_ema50_4h', 'trigger_break']",[],243.43428114117074,729.8524979992471,0.010198812199116117,continuation_v1:long:BTCUSDT:1773380700000,71562.5,72396.61714060185,1773381600000,71569.65625,70832.64750200075,72411.95196203073,1773397800000,72411.95196203073,1.1428571429,96,True,True,1.2303025608061249,0.5761888867029183,-0.8215048351103403,285.0,tp,bar_open,trade_bars,1,1.1428571429,285.0,0.0024935385132627275,-0.0013702752447669608,0.02845709460384427,0.029230597390594713,0.004230267941225607,9.056230707216173e-05,16.80169177286044,60.370370370370374,4.0,1.0159934535644384,0.5302572478562584,4.0,0.011040698689956413,0.031835142023621865,2026-03-13 05:45:00+00:00,0.4375,event,final,3,0.4375,baseline,one_position_at_a_time,first_signal,0,44,8.07757212936066,9.64900070066066,1.5714285712999985,737.0087479992508,0.01029778242087408,5000.0,51.4889121043704,58.844470978629985,683.2846799177936,683.2846799177936,0.0
1773387000000,bybit,BTCUSDT,continuation_v1,long,71478.7,70794.37724956436,72260.78314338432,1.1428571429,96,"['trend_gap_positive', 'ema50_slope_positive', 'ema200_slope_positive', 'breakout_recent', 'impulse_valid', 'pullback_depth_valid', 'above_breakout_level', 'above_ema50_4h', 'trigger_break']",[],229.36628670999846,684.3227504356291,0.009573799613530033,continuation_v1:long:BTCUSDT:1773387000000,71478.7,72260.78314338432,1773387900000,71485.84787,70794.37724956436,72276.10000767035,1773397800000,72276.10000767035,1.1428571429,96,True,True,1.4325295981135664,0.20600711843730976,-1.2131359528645125,180.0,tp,bar_open,trade_bars,1,1.1428571429,180.0,0.001154121432062949,0.0028280129377022956,0.02845709460384427,0.029230597390594713,0.004230267941225607,9.056230707216173e-05,16.80169177286044,60.370370370370374,6.0,1.0159934535644384,0.5600653327888839,6.0,0.009881265327992855,0.03070008759344304,2026-03-13 07:30:00+00:00,0.4375,event,final,3,0.4375,baseline,one_position_at_a_time,first_signal,0,45,9.220429272260661,9.64900070066066,0.42857142839999796,691.4706204356335,0.009672832330297063,5000.0,48.36416165148532,55.27332760377026,738.5580075215638,738.5580075215638,0.0
1773388800000,bybit,BTCUSDT,continuation_v1,long,71591.3,70738.96048559378,72565.40230221506,1.1428571429,96,"['trend_gap_positive', 'ema50_slope_positive', 'ema200_slope_positive', 'breakout_recent', 'impulse_valid', 'pullback_depth_valid', 'above_breakout_level', 'above_ema50_4h', 'trigger_break']",[],223.0046043570909,852.3395144062197,0.011905629795886087,continuation_v1:long:BTCUSDT:1773388800000,71591.3,72565.40230221506,1773389700000,71598.45913,70738.96048559378,72580.74329507252,1773405900000,72580.74329507252,1.1428571429,96,True,True,1.2689268064564105,0.2890744873386608,-1.2099601747696171,285.0,tp,bar_open,trade_bars,1,1.1428571429,285.0,0.0006597329479298697,0.003093715190449986,0.025860265437777308,0.03096090824767124,0.004743832030029482,0.00025941243038407613,17.990509080314148,53.333333333333336,7.0,1.0159934535644384,0.3312372396896621,7.0,0.011438540716539701,0.03096090824767124,2026-03-13 08:00:00+00:00,0.4375,event,final,3,0.4375,baseline,one_position_at_a_time,first_signal,0,46,10.363286415160662,10.363286415160662,0.0,859.4986444062233,0.012004429352950843,5000.0,60.02214676475421,68.59673916229148,807.1547466838553,807.1547466838553,0.0
1773391500000,bybit,BTCUSDT,continuation_v1,long,71900.4,70814.90910143933,73140.96102697299,1.1428571429,96,"['trend_gap_positive', 'ema50_slope_positive', 'ema200_slope_positive', 'breakout_recent', 'impulse_valid', 'pullback_depth_valid', 'above_breakout_level', 'above_ema50_4h', 'trigger_break']",[],253.12205385296312,1085.4908985606635,0.015097146866507885,continuation_v1:long:BTCUSDT:1773391500000,71900.4,73140.96102697299,1773392400000,71907.59004,70814.90910143933,73156.36825554473,1773408600000,73156.36825554473,1.1428571429,96,True,True,1.2835493971803633,0.32533745895509125,-1.2698949812630618,285.0,tp,bar_open,trade_bars,1,1.1428571429,285.0,0.004850929307243623,0.003093715190449986,0.025860265437777308,0.03096090824767124,0.004743832030029482,0.00025941243038407613,17.990509080314148,53.333333333333336,7.0,1.0159934535644384,0.3312372396896621,7.0,0.01568836891032595,0.03512680973445902,2026-03-13 08:45:00+00:00,0.4375,event,final,3,0.4375,baseline,one_position_at_a_time,first_signal,0,47,11.506143558060662,11.506143558060662,0.0,1092.6809385606612,0.015195627303777475,5000.0,75.97813651888738,86.8321560248418,893.986902708697,893.986902708697,0.0
1773626400000,bybit,BTCUSDT,continuation_v1,long,72727.9,71713.74154010574,73886.93823992262,1.1428571429,96,"['trend_gap_positive', 'ema50_slope_positive', 'ema200_slope_positive', 'breakout_recent', 'impulse_valid', 'pullback_depth_valid', 'above_breakout_level', 'above_ema50_4h', 'trigger_break']",[],311.67647975835246,1014.1584598942609,0.01394455855172858,continuation_v1:long:BTCUSDT:1773626400000,72727.9,73886.93823992262,1773627300000,72735.17279,71713.74154010574,73902.52278992292,1773632700000,73902.52278992292,1.1428571429,96,True,True,1.5295471037935617,0.39667162135673933,2.7925787568133402,105.0,tp,bar_open,trade_bars,1,1.1428571429,105.0,0.002304277659945342,0.009068419672476846,0.020898311275955983,0.03249941784561395,0.004702508816863071,0.0008555769595419704,31.151350126786873,24.62962962962963,3.0,1.165373338386767,0.4772261777040881,2.0,0.007369936434298255,0.03332952618541791,2026-03-16 02:00:00+00:00,0.4375,event,final,3,0.4375,baseline,one_position_at_a_time,first_signal,0,48,12.649000700960663,12.649000700960663,0.0,1021.43124989426,0.014043154236304936,5000.0,70.21577118152469,80.24659563903747,974.2334983477344,974.2334983477344,0.0
